[{"model": "eventify_api.userskill", "pk": 1, "fields": {"skill_name": "Android", "skill_description": "Android"}}, {"model": "eventify_api.userskill", "pk": 2, "fields": {"skill_name": "Django", "skill_description": "Django"}}, {"model": "eventify_api.userskill", "pk": 3, "fields": {"skill_name": "Java", "skill_description": "Java"}}, {"model": "eventify_api.userskill", "pk": 4, "fields": {"skill_name": "Jenkins", "skill_description": "Jenkins"}}, {"model": "eventify_api.userskill", "pk": 5, "fields": {"skill_name": "JavaScript", "skill_description": "JavaScript"}}, {"model": "eventify_api.userskill", "pk": 6, "fields": {"skill_name": "Node Js", "skill_description": "Node Js"}}, {"model": "eventify_api.userskill", "pk": 7, "fields": {"skill_name": "ReactJS", "skill_description": "ReactJS"}}, {"model": "eventify_api.userskill", "pk": 8, "fields": {"skill_name": "ExpressJS", "skill_description": "ExpressJs"}}, {"model": "eventify_api.userprofileinformation", "pk": 1, "fields": {"photo_url": "https://unsplash.it/400/300", "phone": "8765431122", "dob": "2017-02-18", "description": "Lorem ipsum dolor sit amet, sed ne elitr primis nostrum, usu exerci concludaturque id. Principes ullamcorper pri an, accumsan indoctum te eum. At sea tantas accommodare, forensibus assueverit ex pro. Nec ad augue postea lucilius, consul labores dignissim eam cu. Ea melius consetetur vim, ea eam dolorum minimum appellantur.", "website_url": "https://www.linkedin.com/lafsd23r24f", "twitter_url": "https://twitter.com/lafsd23r24f", "facebook_url": "https://facebook.com/lafsd23r24f", "user_skills": [1, 2, 4]}}, {"model": "eventify_api.userprofileinformation", "pk": 2, "fields": {"photo_url": "https://unsplash.it/200/300/?random", "phone": "8766545362", "dob": "1990-02-21", "description": "Lorem ipsum dolor sit amet, perfecto oportere ei ius. Per facilisi maiestatis at, qui ei graeco nemore alterum, noster audiam vim ea. Mei ex rebum contentiones, equidem vocibus an mel. Ea amet feugiat nominati his, ut posse noluisse signiferumque est, ut nec volutpat persecuti. Quaeque sanctus eos cu, omnium menandri torquatos quo no, has tollit alienum tractatos cu.", "website_url": "https://www.linkedin.com/lafsd23r24f", "twitter_url": "https://www.linkedin.com", "facebook_url": "https://www.linkedin.com", "user_skills": [6, 7]}}, {"model": "eventify_api.userprofileinformation", "pk": 3, "fields": {"photo_url": "https://unsplash.it/300/300/?random", "phone": "9876243112", "dob": "1995-04-12", "description": "Elit tollit eloquentiam est te, sumo percipitur eu mel. Cetero aperiam graecis et est, no usu diam causae fabellas. Wisi mentitum torquatos ne has, his ad graeci aperiam. His et rebum tollit consetetur. Option ullamcorper no mel. Enim nullam ornatus vix ea, est cu idque tantas", "website_url": "https://www.linkedin.com/feed/", "twitter_url": "https://www.linkedin.com/feed/", "facebook_url": "https://www.linkedin.com/feed/", "user_skills": [1, 3, 4]}}, {"model": "eventify_api.userprofileinformation", "pk": 4, "fields": {"photo_url": "http://lorempixel.com/400/200/", "phone": "6665413123", "dob": "2017-02-21", "description": "Placeholder Images for every case. Webdesign or Print. It's simple and absolutely free! Just put the custom url in your code like this:", "website_url": "https://www.linkedin.com/feed/", "twitter_url": "https://www.linkedin.com/feed/", "facebook_url": "https://www.linkedin.com/feed/", "user_skills": [3, 6, 8]}}, {"model": "eventify_api.eventifyuser", "pk": 2, "fields": {"auth_user": 10, "firebase_id": "9RuSqDvliuXGCrtCiqc3mnp7RvA2", "user_profile_information": 1}}, {"model": "eventify_api.eventifyuser", "pk": 3, "fields": {"auth_user": 11, "firebase_id": "vfdsvs4fewvsvwe", "user_profile_information": null}}, {"model": "eventify_api.eventifyuser", "pk": 4, "fields": {"auth_user": 12, "firebase_id": "ef45f4vvfwvffvw", "user_profile_information": null}}, {"model": "eventify_api.eventifyuser", "pk": 5, "fields": {"auth_user": 14, "firebase_id": "CAMKdMFChwRFkZpX7VOWsXXdZkF3", "user_profile_information": 2}}, {"model": "eventify_api.eventifyuser", "pk": 6, "fields": {"auth_user": 15, "firebase_id": "K6q4p15TCVhaWrAtiPj2vYoI69n2", "user_profile_information": 3}}, {"model": "eventify_api.eventifyuser", "pk": 7, "fields": {"auth_user": 16, "firebase_id": "i4sjJwWLMwW5EvYWFqi8Jp1Rw8Q2", "user_profile_information": 4}}, {"model": "eventify_api.eventifyuser", "pk": 8, "fields": {"auth_user": 19, "firebase_id": "fmhP5pgT0Qa18aSrWh7oFWdj9Ja2", "user_profile_information": null}}, {"model": "eventify_api.eventifyuser", "pk": 10, "fields": {"auth_user": 23, "firebase_id": "krbKzfulICeRARRehFUbGHFKQUC2", "user_profile_information": null}}, {"model": "eventify_api.eventifyuser", "pk": 11, "fields": {"auth_user": 24, "firebase_id": "zgtPbXyXF1O6CoqqNzBY6W23jKz1", "user_profile_information": null}}, {"model": "eventify_api.eventifyuser", "pk": 12, "fields": {"auth_user": 28, "firebase_id": "wrj3VjCfsnhGjdCHi7biBFLjk9f2", "user_profile_information": null}}, {"model": "eventify_api.eventifyuser", "pk": 13, "fields": {"auth_user": 31, "firebase_id": "AGYlf9t8Z5Mr1GwXEAex0j2o2Ur1", "user_profile_information": null}}, {"model": "eventify_api.eventifyuser", "pk": 14, "fields": {"auth_user": 32, "firebase_id": "FgbfPi8WWnQln2vqoIiKxehbQO72", "user_profile_information": null}}, {"model": "eventify_api.eventifyuser", "pk": 15, "fields": {"auth_user": 33, "firebase_id": "oxI5aqR8MZSNjZEr1c7XdznK5hH3", "user_profile_information": null}}, {"model": "eventify_api.eventifyuser", "pk": 16, "fields": {"auth_user": 34, "firebase_id": "rp2rYksd5geH8GAd37K00e6SeaG3", "user_profile_information": null}}, {"model": "eventify_api.panelist", "pk": 4, "fields": {}}, {"model": "eventify_api.organiser", "pk": 3, "fields": {}}, {"model": "eventify_api.eventcategory", "pk": 1, "fields": {"category_name": "Business"}}, {"model": "eventify_api.eventcategory", "pk": 2, "fields": {"category_name": "Technology"}}, {"model": "eventify_api.venue", "pk": 1, "fields": {"venue_name": "Bangalore", "venue_seat_capacity": 50, "location": "Forum Mall Koramangla -Bliss Chocolates, Bengaluru, Karnataka, India, 12.9346969, 77.6115049", "venue_latitude": "12.938200", "venue_longitude": "77.605459", "venue_latitude_str": "12.9346969", "venue_longitude_str": "77.6115049"}}, {"model": "eventify_api.venue", "pk": 2, "fields": {"venue_name": "Mumbai", "venue_seat_capacity": 50, "location": "TRUFFLES, th B Cross Road, Koramangala, Bengaluru, Karnataka, India, 4, 12.9335313", "venue_latitude": "12.933343", "venue_longitude": "77.614281", "venue_latitude_str": "12.9335313", "venue_longitude_str": "77.614281"}}, {"model": "eventify_api.venue", "pk": 3, "fields": {"venue_name": "91Springboard", "venue_seat_capacity": 50, "location": "Jeetlab Pvt. Ltd., Bengaluru, Karnataka, India, 12.937833, 77.605681", "venue_latitude": "0.000001", "venue_longitude": "-0.000001", "venue_latitude_str": "12.937833", "venue_longitude_str": "77.605681"}}, {"model": "eventify_api.venue", "pk": 4, "fields": {"venue_name": "fa", "venue_seat_capacity": 50, "location": "Reno, NV, United States, 39.5296329, -119.8138027", "venue_latitude": "-0.000001", "venue_longitude": "-0.000001", "venue_latitude_str": "39.5296329", "venue_longitude_str": "-119.8138027"}}, {"model": "eventify_api.venue", "pk": 5, "fields": {"venue_name": "fadf", "venue_seat_capacity": 42, "location": "Florida, United States, 27.6648274, -81.51575350000002", "venue_latitude": "-0.000001", "venue_longitude": "0.000001", "venue_latitude_str": "27.6648274", "venue_longitude_str": "-81.51575350000002"}}, {"model": "eventify_api.event", "pk": 1, "fields": {"event_bg_image": "image/upload/v1486134456/uwolojuwttyl9sjrwwe6.jpg", "venue": 1, "agenda": "One of the world's most powerful hosting platform, Amazon Web Services, needs to be harnessed in order to create high performance apps, sites and programs. We introduce a new series of LearnUps teaching you the capabilities and power of the AWS platform and how it can be leveraged to give your software the boost it needs.", "event_name": "Web Development with Django", "event_start_time": "2017-02-02T12:30:00Z", "event_end_time": "2017-02-02T15:30:00Z", "entry_code": "entry12", "qr_code_url": "http://res.cloudinary.com/dukt9s7aj/image/upload/v1488014480/wfepoyxzqii0cd0jettm.png", "event_category": [1, 2], "organiser": [3], "panelist": [4]}}, {"model": "eventify_api.event", "pk": 2, "fields": {"event_bg_image": "image/upload/v1486208875/qiywn4vocqebg0iczazt.jpg", "venue": 1, "agenda": "This course helps build a good knowledge of graph databases. It also teaches the core functionality of the Neo4j graph database. With a mixture of theory and hands-on practice sessions, you will quickly learn how easy it is to work with a powerful graph database using Cypher as the query language.", "event_name": "Neo4j Workshop with Django API", "event_start_time": "2017-02-03T11:30:00Z", "event_end_time": "2017-02-03T14:30:00Z", "entry_code": "luca123", "qr_code_url": "http://res.cloudinary.com/dukt9s7aj/image/upload/v1488014104/juyy0ghzu2n41gnl5i2c.png", "event_category": [2], "organiser": [3], "panelist": [4]}}, {"model": "eventify_api.eventtalk", "pk": 1, "fields": {"event": 1, "talk_name": "IAS", "talk_description": "Lorem ipsum dolor sit amet, consectetur adipiscing elit. Etiam efficitur ipsum in placerat molestie.  Fusce quis mauris a enim sollicitudin.", "talk_start_time": "19:00:00", "talk_end_time": "20:00:00"}}, {"model": "eventify_api.eventtalk", "pk": 2, "fields": {"event": 1, "talk_name": "Mentor Me", "talk_description": "Lorem ipsum dolor sit amet, consectetur adipiscing elit. Etiam efficitur ipsum in placerat molestie.  Fusce quis mauris a enim sollicitudin.", "talk_start_time": "18:00:00", "talk_end_time": "19:00:00"}}, {"model": "eventify_api.eventtalk", "pk": 3, "fields": {"event": 1, "talk_name": "Lex and go", "talk_description": "Lorem ipsum dolor sit amet, consectetur adipiscing elit. Etiam efficitur ipsum in placerat molestie.  Fusce quis mauris a enim sollicitudin.", "talk_start_time": "17:00:00", "talk_end_time": "18:00:00"}}, {"model": "eventify_api.eventtalk", "pk": 4, "fields": {"event": 2, "talk_name": "Talk1", "talk_description": "Lorem ipsum dolor sit amet, consectetur adipiscing elit. Etiam efficitur ipsum in placerat molestie.  Fusce quis mauris a enim sollicitudin.", "talk_start_time": "16:53:05", "talk_end_time": "16:53:04"}}, {"model": "eventify_api.eventtalk", "pk": 5, "fields": {"event": 2, "talk_name": "Talk2", "talk_description": "Lorem ipsum dolor sit amet, consectetur adipiscing elit. Etiam efficitur ipsum in placerat molestie.  Fusce quis mauris a enim sollicitudin.", "talk_start_time": "16:53:05", "talk_end_time": "16:53:04"}}, {"model": "eventify_api.eventtalk", "pk": 6, "fields": {"event": 2, "talk_name": "Talk3", "talk_description": "Lorem ipsum dolor sit amet, consectetur adipiscing elit. Etiam efficitur ipsum in placerat molestie.  Fusce quis mauris a enim sollicitudin.", "talk_start_time": "16:53:05", "talk_end_time": "16:53:04"}}, {"model": "eventify_api.eventtalk", "pk": 13, "fields": {"event": 2, "talk_name": "Talk4", "talk_description": "Lorem ipsum dolor sit amet, consectetur adipiscing elit. Etiam efficitur ipsum in placerat molestie.  Fusce quis mauris a enim sollicitudin.", "talk_start_time": "16:34:23", "talk_end_time": "16:35:47"}}, {"model": "eventify_api.eventtalk", "pk": 14, "fields": {"event": 2, "talk_name": "Talk5", "talk_description": "Lorem ipsum dolor sit amet, consectetur adipiscing elit. Etiam efficitur ipsum in placerat molestie.  Fusce quis mauris a enim sollicitudin.", "talk_start_time": "16:35:42", "talk_end_time": "16:35:44"}}, {"model": "eventify_api.eventtalk", "pk": 15, "fields": {"event": 2, "talk_name": "Talk6", "talk_description": "Lorem ipsum dolor sit amet, consectetur adipiscing elit. Etiam efficitur ipsum in placerat molestie.  Fusce quis mauris a enim sollicitudin.", "talk_start_time": "16:35:39", "talk_end_time": "16:35:40"}}, {"model": "eventify_api.attachment", "pk": 19, "fields": {"file": "documents/ee882fe7189148dcabbc50ea4626e456.jpeg", "attachment_url": "https://firebasestorage.googleapis.com/v0/b/eventifyapp-d5196.appspot.com/o/ee882fe7189148dcabbc50ea4626e456.jpeg?alt=media", "file_name": "ee882fe7189148dcabbc50ea4626e456.jpeg", "event_talk": 3}}, {"model": "eventify_api.attachment", "pk": 20, "fields": {"file": "documents/Android-M-Developer-Preview-Screenshot-Tour-482648-7.jpg", "attachment_url": "https://firebasestorage.googleapis.com/v0/b/eventifyapp-d5196.appspot.com/o/Android-M-Developer-Preview-Screenshot-Tour-482648-7.jpg?alt=media", "file_name": "Android-M-Developer-Preview-Screenshot-Tour-482648-7.jpg", "event_talk": 3}}, {"model": "eventify_api.attachment", "pk": 21, "fields": {"file": "documents/Jolly.LLB.2.2017.Hindi.DESISCR.700MB.ShAaNiG.mkv", "attachment_url": "https://firebasestorage.googleapis.com/v0/b/eventifyapp-d5196.appspot.com/o/Jolly.LLB.2.2017.Hindi.DESISCR.700MB.ShAaNiG.mkv?alt=media", "file_name": "Jolly.LLB.2.2017.Hindi.DESISCR.700MB.ShAaNiG.mkv", "event_talk": null}}, {"model": "eventify_api.attachment", "pk": 22, "fields": {"file": "documents/Little.Snitch.v3.7.2.dmg", "attachment_url": "https://firebasestorage.googleapis.com/v0/b/eventifyapp-d5196.appspot.com/o/Little.Snitch.v3.7.2.dmg?alt=media", "file_name": "Little.Snitch.v3.7.2.dmg", "event_talk": null}}, {"model": "eventify_api.attachment", "pk": 23, "fields": {"file": "documents/Python_Guide_to_Deployments.pdf", "attachment_url": "https://firebasestorage.googleapis.com/v0/b/eventifyapp-d5196.appspot.com/o/Python_Guide_to_Deployments.pdf?alt=media", "file_name": "Python_Guide_to_Deployments.pdf", "event_talk": null}}, {"model": "eventify_api.usereventbooking", "pk": 7, "fields": {"event": 2, "user": 5, "booking_datetime": "2017-02-21T11:04:36Z", "booking_seat_count": 1, "pin_verified": false}}, {"model": "eventify_api.usereventbooking", "pk": 8, "fields": {"event": 2, "user": 6, "booking_datetime": "2017-02-21T11:10:36Z", "booking_seat_count": 1, "pin_verified": false}}, {"model": "eventify_api.usereventbooking", "pk": 11, "fields": {"event": 2, "user": 8, "booking_datetime": "2017-02-22T16:03:23Z", "booking_seat_count": 1, "pin_verified": false}}, {"model": "eventify_api.usereventbooking", "pk": 16, "fields": {"event": 2, "user": 12, "booking_datetime": "2017-02-23T12:51:53.066Z", "booking_seat_count": 1, "pin_verified": true}}, {"model": "eventify_api.usereventbooking", "pk": 17, "fields": {"event": 2, "user": 13, "booking_datetime": "2017-02-23T13:04:13.521Z", "booking_seat_count": 1, "pin_verified": true}}, {"model": "eventify_api.usereventbooking", "pk": 18, "fields": {"event": 2, "user": 2, "booking_datetime": "2017-02-24T08:23:48.176Z", "booking_seat_count": 1, "pin_verified": true}}, {"model": "eventify_api.usereventbooking", "pk": 19, "fields": {"event": 1, "user": 2, "booking_datetime": "2017-02-24T08:24:21.878Z", "booking_seat_count": 1, "pin_verified": true}}, {"model": "eventify_api.usereventbooking", "pk": 20, "fields": {"event": 2, "user": 14, "booking_datetime": "2017-02-24T13:35:11.885Z", "booking_seat_count": 1, "pin_verified": true}}, {"model": "eventify_api.usereventbooking", "pk": 21, "fields": {"event": 1, "user": 16, "booking_datetime": "2017-02-24T15:42:12.415Z", "booking_seat_count": 1, "pin_verified": true}}, {"model": "eventify_api.usereventbooking", "pk": 22, "fields": {"event": 2, "user": 16, "booking_datetime": "2017-02-24T15:43:19.803Z", "booking_seat_count": 1, "pin_verified": true}}]