[{"model": "eventify_api.eventtalk", "pk": 3, "fields": {"event": 1, "talk_name": "Lex and go", "talk_description": "Lorem ipsum dolor sit amet, consectetur adipiscing elit. Etiam efficitur ipsum in placerat molestie.  Fusce quis mauris a enim sollicitudin.", "talk_start_time": "17:00:00", "talk_end_time": "18:00:00"}}, {"model": "eventify_api.eventtalk", "pk": 2, "fields": {"event": 1, "talk_name": "Mentor Me", "talk_description": "Lorem ipsum dolor sit amet, consectetur adipiscing elit. Etiam efficitur ipsum in placerat molestie.  Fusce quis mauris a enim sollicitudin.", "talk_start_time": "18:00:00", "talk_end_time": "19:00:00"}}, {"model": "eventify_api.eventtalk", "pk": 1, "fields": {"event": 1, "talk_name": "IAS", "talk_description": "Lorem ipsum dolor sit amet, consectetur adipiscing elit. Etiam efficitur ipsum in placerat molestie.  Fusce quis mauris a enim sollicitudin.", "talk_start_time": "19:00:00", "talk_end_time": "20:00:00"}}, {"model": "eventify_api.eventtalk", "pk": 4, "fields": {"event": 2, "talk_name": "Talk1", "talk_description": "Lorem ipsum dolor sit amet, consectetur adipiscing elit. Etiam efficitur ipsum in placerat molestie.  Fusce quis mauris a enim sollicitudin.", "talk_start_time": "16:53:05", "talk_end_time": "16:53:04"}}, {"model": "eventify_api.eventtalk", "pk": 5, "fields": {"event": 2, "talk_name": "Talk2", "talk_description": "Lorem ipsum dolor sit amet, consectetur adipiscing elit. Etiam efficitur ipsum in placerat molestie.  Fusce quis mauris a enim sollicitudin.", "talk_start_time": "16:53:05", "talk_end_time": "16:53:04"}}, {"model": "eventify_api.eventtalk", "pk": 6, "fields": {"event": 2, "talk_name": "Talk3", "talk_description": "Lorem ipsum dolor sit amet, consectetur adipiscing elit. Etiam efficitur ipsum in placerat molestie.  Fusce quis mauris a enim sollicitudin.", "talk_start_time": "16:53:05", "talk_end_time": "16:53:04"}}, {"model": "eventify_api.eventtalk", "pk": 13, "fields": {"event": 2, "talk_name": "Talk4", "talk_description": "Lorem ipsum dolor sit amet, consectetur adipiscing elit. Etiam efficitur ipsum in placerat molestie.  Fusce quis mauris a enim sollicitudin.", "talk_start_time": "16:34:23", "talk_end_time": "16:35:47"}}, {"model": "eventify_api.eventtalk", "pk": 14, "fields": {"event": 2, "talk_name": "Talk5", "talk_description": "Lorem ipsum dolor sit amet, consectetur adipiscing elit. Etiam efficitur ipsum in placerat molestie.  Fusce quis mauris a enim sollicitudin.", "talk_start_time": "16:35:42", "talk_end_time": "16:35:44"}}, {"model": "eventify_api.eventtalk", "pk": 15, "fields": {"event": 2, "talk_name": "Talk6", "talk_description": "Lorem ipsum dolor sit amet, consectetur adipiscing elit. Etiam efficitur ipsum in placerat molestie.  Fusce quis mauris a enim sollicitudin.", "talk_start_time": "16:35:39", "talk_end_time": "16:35:40"}}]