[{"model": "eventify_api.eventifyuser", "pk": 3, "fields": {"auth_user": 11, "firebase_id": "vfdsvs4fewvsvwe", "user_profile_information": null}}, {"model": "eventify_api.eventifyuser", "pk": 4, "fields": {"auth_user": 12, "firebase_id": "ef45f4vvfwvffvw", "user_profile_information": null}}, {"model": "eventify_api.eventifyuser", "pk": 2, "fields": {"auth_user": 10, "firebase_id": "9RuSqDvliuXGCrtCiqc3mnp7RvA2", "user_profile_information": 1}}, {"model": "eventify_api.eventifyuser", "pk": 6, "fields": {"auth_user": 15, "firebase_id": "K6q4p15TCVhaWrAtiPj2vYoI69n2", "user_profile_information": 3}}, {"model": "eventify_api.eventifyuser", "pk": 7, "fields": {"auth_user": 16, "firebase_id": "i4sjJwWLMwW5EvYWFqi8Jp1Rw8Q2", "user_profile_information": 4}}, {"model": "eventify_api.eventifyuser", "pk": 5, "fields": {"auth_user": 14, "firebase_id": "CAMKdMFChwRFkZpX7VOWsXXdZkF3", "user_profile_information": 2}}, {"model": "eventify_api.eventifyuser", "pk": 8, "fields": {"auth_user": 19, "firebase_id": "fmhP5pgT0Qa18aSrWh7oFWdj9Ja2", "user_profile_information": null}}, {"model": "eventify_api.eventifyuser", "pk": 10, "fields": {"auth_user": 23, "firebase_id": "krbKzfulICeRARRehFUbGHFKQUC2", "user_profile_information": null}}, {"model": "eventify_api.eventifyuser", "pk": 11, "fields": {"auth_user": 24, "firebase_id": "zgtPbXyXF1O6CoqqNzBY6W23jKz1", "user_profile_information": null}}, {"model": "eventify_api.eventifyuser", "pk": 12, "fields": {"auth_user": 28, "firebase_id": "wrj3VjCfsnhGjdCHi7biBFLjk9f2", "user_profile_information": null}}, {"model": "eventify_api.eventifyuser", "pk": 13, "fields": {"auth_user": 31, "firebase_id": "AGYlf9t8Z5Mr1GwXEAex0j2o2Ur1", "user_profile_information": null}}, {"model": "eventify_api.eventifyuser", "pk": 14, "fields": {"auth_user": 32, "firebase_id": "FgbfPi8WWnQln2vqoIiKxehbQO72", "user_profile_information": null}}, {"model": "eventify_api.eventifyuser", "pk": 15, "fields": {"auth_user": 33, "firebase_id": "oxI5aqR8MZSNjZEr1c7XdznK5hH3", "user_profile_information": null}}, {"model": "eventify_api.eventifyuser", "pk": 16, "fields": {"auth_user": 34, "firebase_id": "rp2rYksd5geH8GAd37K00e6SeaG3", "user_profile_information": null}}, {"model": "eventify_api.eventifyuser", "pk": 17, "fields": {"auth_user": 35, "firebase_id": "6APIpzDe0VWPcIllp3gywxU91D33", "user_profile_information": null}}, {"model": "eventify_api.eventifyuser", "pk": 18, "fields": {"auth_user": 36, "firebase_id": "jmA6mT2c4EPQgIKes9mdrbuDwlf1", "user_profile_information": null}}, {"model": "eventify_api.eventifyuser", "pk": 19, "fields": {"auth_user": 37, "firebase_id": "dhDC7poE8dUTUc1vZcI8ISSgllX2", "user_profile_information": null}}]