[{"model": "eventify_api.userprofileinformation", "pk": 2, "fields": {"photo_url": "https://unsplash.it/200/300/?random", "phone": "8766545362", "dob": "1990-02-21", "description": "Lorem ipsum dolor sit amet, perfecto oportere ei ius. Per facilisi maiestatis at, qui ei graeco nemore alterum, noster audiam vim ea. Mei ex rebum contentiones, equidem vocibus an mel. Ea amet feugiat nominati his, ut posse noluisse signiferumque est, ut nec volutpat persecuti. Quaeque sanctus eos cu, omnium menandri torquatos quo no, has tollit alienum tractatos cu.", "website_url": "https://www.linkedin.com/lafsd23r24f", "twitter_url": "https://www.linkedin.com", "facebook_url": "https://www.linkedin.com", "user_skills": [6, 7]}}, {"model": "eventify_api.userprofileinformation", "pk": 3, "fields": {"photo_url": "https://unsplash.it/300/300/?random", "phone": "9876243112", "dob": "1995-04-12", "description": "Elit tollit eloquentiam est te, sumo percipitur eu mel. Cetero aperiam graecis et est, no usu diam causae fabellas. Wisi mentitum torquatos ne has, his ad graeci aperiam. His et rebum tollit consetetur. Option ullamcorper no mel. Enim nullam ornatus vix ea, est cu idque tantas", "website_url": "https://www.linkedin.com/feed/", "twitter_url": "https://www.linkedin.com/feed/", "facebook_url": "https://www.linkedin.com/feed/", "user_skills": [1, 3, 4]}}, {"model": "eventify_api.userprofileinformation", "pk": 1, "fields": {"photo_url": "https://unsplash.it/400/300", "phone": "8765431122", "dob": "2017-02-18", "description": "Lorem ipsum dolor sit amet, sed ne elitr primis nostrum, usu exerci concludaturque id. Principes ullamcorper pri an, accumsan indoctum te eum. At sea tantas accommodare, forensibus assueverit ex pro. Nec ad augue postea lucilius, consul labores dignissim eam cu. Ea melius consetetur vim, ea eam dolorum minimum appellantur.", "website_url": "https://www.linkedin.com/lafsd23r24f", "twitter_url": "https://twitter.com/lafsd23r24f", "facebook_url": "https://facebook.com/lafsd23r24f", "user_skills": [1, 2, 4]}}, {"model": "eventify_api.userprofileinformation", "pk": 4, "fields": {"photo_url": "http://lorempixel.com/400/200/", "phone": "6665413123", "dob": "2017-02-21", "description": "Placeholder Images for every case. Webdesign or Print. It's simple and absolutely free! Just put the custom url in your code like this:", "website_url": "https://www.linkedin.com/feed/", "twitter_url": "https://www.linkedin.com/feed/", "facebook_url": "https://www.linkedin.com/feed/", "user_skills": [3, 6, 8]}}]