[{"model": "eventify_api.userskill", "pk": 1, "fields": {"skill_name": "Android", "skill_description": "Android"}}, {"model": "eventify_api.userskill", "pk": 2, "fields": {"skill_name": "Django", "skill_description": "Django"}}, {"model": "eventify_api.userskill", "pk": 3, "fields": {"skill_name": "Java", "skill_description": "Java"}}, {"model": "eventify_api.userskill", "pk": 4, "fields": {"skill_name": "Jenkins", "skill_description": "Jenkins"}}, {"model": "eventify_api.userskill", "pk": 5, "fields": {"skill_name": "JavaScript", "skill_description": "JavaScript"}}, {"model": "eventify_api.userskill", "pk": 6, "fields": {"skill_name": "Node Js", "skill_description": "Node Js"}}, {"model": "eventify_api.userskill", "pk": 7, "fields": {"skill_name": "ReactJS", "skill_description": "ReactJS"}}, {"model": "eventify_api.userskill", "pk": 8, "fields": {"skill_name": "ExpressJS", "skill_description": "ExpressJs"}}]