[{"model": "eventify_api.usereventbooking", "pk": 20, "fields": {"event": 2, "user": 14, "booking_datetime": "2017-02-24T13:35:11.885Z", "booking_seat_count": 1, "pin_verified": true}}, {"model": "eventify_api.usereventbooking", "pk": 23, "fields": {"event": 2, "user": 2, "booking_datetime": "2017-02-28T13:51:17Z", "booking_seat_count": 1, "pin_verified": true}}, {"model": "eventify_api.usereventbooking", "pk": 21, "fields": {"event": 1, "user": 16, "booking_datetime": "2017-02-24T15:42:12Z", "booking_seat_count": 1, "pin_verified": false}}, {"model": "eventify_api.usereventbooking", "pk": 7, "fields": {"event": 2, "user": 5, "booking_datetime": "2017-02-21T11:04:36Z", "booking_seat_count": 1, "pin_verified": false}}, {"model": "eventify_api.usereventbooking", "pk": 8, "fields": {"event": 2, "user": 6, "booking_datetime": "2017-02-21T11:10:36Z", "booking_seat_count": 1, "pin_verified": false}}, {"model": "eventify_api.usereventbooking", "pk": 24, "fields": {"event": 1, "user": 2, "booking_datetime": "2017-02-28T15:09:35.785Z", "booking_seat_count": 1, "pin_verified": true}}, {"model": "eventify_api.usereventbooking", "pk": 25, "fields": {"event": 1, "user": 17, "booking_datetime": "2017-02-28T15:10:53.297Z", "booking_seat_count": 1, "pin_verified": true}}, {"model": "eventify_api.usereventbooking", "pk": 27, "fields": {"event": 1, "user": 18, "booking_datetime": "2017-02-28T15:13:01.088Z", "booking_seat_count": 1, "pin_verified": true}}, {"model": "eventify_api.usereventbooking", "pk": 28, "fields": {"event": 2, "user": 18, "booking_datetime": "2017-02-28T15:15:55.274Z", "booking_seat_count": 1, "pin_verified": false}}, {"model": "eventify_api.usereventbooking", "pk": 26, "fields": {"event": 2, "user": 17, "booking_datetime": "2017-02-28T15:11:15Z", "booking_seat_count": 1, "pin_verified": false}}, {"model": "eventify_api.usereventbooking", "pk": 17, "fields": {"event": 2, "user": 13, "booking_datetime": "2017-02-23T13:04:13.521Z", "booking_seat_count": 1, "pin_verified": true}}, {"model": "eventify_api.usereventbooking", "pk": 22, "fields": {"event": 2, "user": 16, "booking_datetime": "2017-02-24T15:43:19Z", "booking_seat_count": 1, "pin_verified": true}}, {"model": "eventify_api.usereventbooking", "pk": 11, "fields": {"event": 2, "user": 8, "booking_datetime": "2017-02-22T16:03:23Z", "booking_seat_count": 1, "pin_verified": true}}, {"model": "eventify_api.usereventbooking", "pk": 16, "fields": {"event": 2, "user": 12, "booking_datetime": "2017-02-23T12:51:53Z", "booking_seat_count": 1, "pin_verified": true}}, {"model": "eventify_api.usereventbooking", "pk": 29, "fields": {"event": 1, "user": 19, "booking_datetime": "2017-03-02T15:42:36.150Z", "booking_seat_count": 1, "pin_verified": true}}]