[{"model": "eventify_api.venue", "pk": 4, "fields": {"venue_name": "fa", "venue_seat_capacity": 50, "location": "Reno, NV, United States, 39.5296329, -119.8138027", "venue_latitude": "-0.000001", "venue_longitude": "-0.000001", "venue_latitude_str": "39.5296329", "venue_longitude_str": "-119.8138027"}}, {"model": "eventify_api.venue", "pk": 1, "fields": {"venue_name": "Bangalore", "venue_seat_capacity": 50, "location": "Forum Mall Koramangla -Bliss Chocolates, Bengaluru, Karnataka, India, 12.9346969, 77.6115049", "venue_latitude": "12.938200", "venue_longitude": "77.605459", "venue_latitude_str": "12.9346969", "venue_longitude_str": "77.6115049"}}, {"model": "eventify_api.venue", "pk": 5, "fields": {"venue_name": "fadf", "venue_seat_capacity": 42, "location": "Florida, United States, 27.6648274, -81.51575350000002", "venue_latitude": "-0.000001", "venue_longitude": "0.000001", "venue_latitude_str": "27.6648274", "venue_longitude_str": "-81.51575350000002"}}, {"model": "eventify_api.venue", "pk": 2, "fields": {"venue_name": "Mumbai", "venue_seat_capacity": 50, "location": "TRUFFLES, th B Cross Road, Koramangala, Bengaluru, Karnataka, India, 4, 12.9335313", "venue_latitude": "12.933343", "venue_longitude": "77.614281", "venue_latitude_str": "12.9335313", "venue_longitude_str": "77.614281"}}, {"model": "eventify_api.venue", "pk": 3, "fields": {"venue_name": "91Springboard", "venue_seat_capacity": 50, "location": "Jeetlab Pvt. Ltd., Bengaluru, Karnataka, India, 12.937833, 77.605681", "venue_latitude": "0.000001", "venue_longitude": "-0.000001", "venue_latitude_str": "12.937833", "venue_longitude_str": "77.605681"}}]